video_id,label
video1,16
video3,8
video4,14
video7,17
video9,5
video10,6
video11,13
video12,7
video13,3
video14,7
video15,12
video16,2
video17,12
video18,1
video19,3
video20,19
video21,3
video22,16
video23,19
video24,10
video25,9
video26,6
video27,0
video28,3
video29,3
video31,3
video33,18
video34,3
video36,10
video37,18
video38,14
video39,13
video41,4
video42,9
video43,0
video44,3
video45,3
video46,10
video47,0
video48,0
video49,3
video50,7
video52,13
video54,2
video55,7
video56,0
video57,14
video58,12
video59,18
video60,3
video61,10
video62,18
video65,14
video66,0
video67,7
video68,16
video71,8
video72,16
video74,2
video75,17
video76,17
video77,8
video78,6
video79,12
video80,12
video81,7
video82,3
video84,7
video85,18
video86,9
video88,16
video89,17
video92,13
video93,3
video94,1
video95,7
video96,10
video97,0
video98,18
video99,3
video100,12
video102,12
video103,16
video104,7
video105,13
video107,11
video108,17
video109,8
video110,7
video111,4
video112,11
video113,4
video114,3
video115,9
video116,4
video117,12
video118,16
video119,0
video120,9
video121,13
video122,3
video123,16
video124,14
video126,18
video128,2
video129,10
video130,7
video131,18
video132,18
video133,14
video135,1
video136,3
video137,12
video138,2
video139,13
video140,9
video141,7
video142,7
video143,10
video144,16
video145,9
video147,17
video149,9
video150,3
video151,7
video153,16
video155,7
video156,7
video157,3
video158,3
video159,13
video160,13
video162,14
video164,3
video165,13
video166,7
video167,7
video169,12
video170,3
video171,9
video173,16
video174,14
video175,7
video176,5
video178,13
video179,7
video181,11
video182,13
video183,3
video184,13
video185,0
video186,13
video187,2
video188,12
video189,9
video190,7
video191,10
video192,17
video193,18
video194,0
video195,13
video196,4
video197,13
video198,12
video199,7
video200,2
video201,13
video202,16
video203,15
video206,1
video207,0
video209,10
video210,18
video211,12
video212,14
video213,4
video214,16
video215,3
video216,0
video217,7
video218,8
video219,12
video220,6
video221,1
video222,16
video223,7
video224,2
video225,16
video226,1
video227,0
video228,7
video229,2
video230,9
video231,5
video232,2
video233,4
video234,17
video235,4
video237,0
video238,4
video239,14
video240,4
video241,13
video242,7
video244,11
video245,7
video246,7
video248,12
video250,9
video251,9
video252,3
video253,17
video254,3
video256,2
video257,19
video258,10
video260,3
video261,4
video262,2
video263,14
video264,3
video265,12
video266,3
video267,12
video268,17
video269,2
video270,12
video271,3
video272,7
video273,4
video274,16
video275,10
video276,4
video277,3
video278,5
video279,3
video280,14
video281,7
video282,13
video283,5
video284,5
video285,16
video286,8
video287,3
video288,8
video289,7
video290,12
video291,2
video292,3
video293,17
video294,2
video295,12
video296,9
video297,17
video298,18
video300,12
video301,13
video302,3
video304,14
video305,13
video306,9
video307,16
video308,2
video310,13
video311,6
video312,9
video313,7
video314,18
video315,16
video317,11
video318,16
video319,18
video321,16
video322,4
video325,0
video327,13
video329,0
video330,14
video331,7
video333,7
video334,12
video335,15
video337,7
video338,12
video339,11
video341,3
video343,3
video344,0
video347,3
video348,16
video350,2
video351,10
video352,0
video353,14
video354,1
video355,0
video356,7
video357,14
video358,13
video359,0
video360,7
video361,7
video362,9
video363,14
video364,7
video365,4
video366,17
video367,3
video368,3
video369,5
video370,10
video371,18
video372,14
video373,8
video375,1
video377,14
video378,4
video379,3
video380,0
video381,13
video382,4
video383,6
video384,0
video386,8
video387,9
video388,5
video389,0
video390,13
video391,7
video392,7
video393,7
video394,3
video396,2
video397,2
video398,13
video399,16
video400,3
video401,7
video402,8
video403,9
video404,7
video406,2
video407,18
video408,10
video409,9
video410,16
video411,16
video412,6
video413,3
video414,0
video415,16
video416,3
video417,14
video419,6
video420,14
video421,7
video422,18
video423,0
video424,7
video425,7
video426,13
video427,18
video428,4
video429,2
video430,0
video431,4
video432,16
video433,16
video434,13
video435,7
video436,0
video437,0
video438,16
video439,17
video440,10
video441,4
video442,0
video443,0
video444,10
video445,12
video446,17
video447,6
video448,17
video449,9
video451,10
video452,1
video453,9
video454,18
video455,13
video456,13
video457,7
video461,12
video462,1
video463,13
video464,6
video465,17
video466,9
video469,13
video470,7
video471,12
video472,13
video473,2
video474,8
video476,4
video478,9
video479,14
video480,3
video482,16
video483,2
video484,3
video485,14
video486,0
video487,17
video489,11
video491,3
video492,13
video493,7
video494,3
video495,17
video496,8
video497,10
video498,7
video499,12
video500,8
video501,9
video502,3
video504,9
video505,4
video506,13
video507,3
video509,9
video510,2
video511,0
video512,1
video513,3
video514,2
video515,7
video516,0
video517,19
video518,6
video520,3
video521,18
video522,3
video523,7
video524,18
video525,1
video526,9
video527,10
video528,13
video529,3
video530,14
video531,17
video532,11
video533,3
video534,10
video535,17
video536,18
video537,4
video538,9
video539,11
video540,6
video541,9
video542,19
video543,11
video544,8
video545,10
video546,16
video547,13
video549,4
video550,7
video551,13
video552,4
video554,17
video555,4
video556,2
video557,2
video558,17
video559,10
video560,9
video561,13
video562,9
video563,13
video564,14
video565,0
video566,7
video567,13
video568,14
video569,12
video570,0
video571,13
video572,5
video573,4
video574,11
video575,11
video576,9
video577,13
video578,3
video579,10
video580,18
video581,2
video582,6
video583,7
video585,18
video586,12
video587,4
video589,5
video590,7
video591,9
video592,7
video593,16
video595,17
video596,5
video597,2
video598,8
video599,3
video600,3
video601,3
video602,9
video603,15
video604,18
video605,13
video606,7
video607,13
video608,3
video609,10
video610,5
video613,13
video615,2
video616,17
video617,9
video618,3
video619,11
video620,7
video622,7
video623,7
video624,9
video625,2
video626,10
video627,17
video628,18
video630,17
video631,11
video632,12
video633,2
video634,7
video635,0
video636,10
video637,7
video638,14
video639,7
video640,3
video641,12
video643,7
video644,10
video645,11
video646,19
video647,3
video648,5
video649,7
video650,4
video651,16
video652,11
video653,0
video654,0
video655,3
video656,3
video657,6
video658,3
video659,7
video660,8
video661,18
video662,6
video663,9
video664,2
video665,3
video666,7
video667,13
video668,8
video669,16
video670,13
video671,3
video674,17
video675,7
video676,3
video677,16
video678,8
video679,16
video680,7
video681,17
video682,12
video683,9
video684,16
video685,2
video686,2
video689,5
video691,6
video692,7
video693,17
video694,9
video695,4
video696,10
video697,3
video698,18
video699,14
video701,13
video702,2
video703,1
video704,3
video705,7
video707,7
video708,3
video709,13
video710,0
video711,14
video712,7
video713,18
video714,13
video715,18
video716,1
video717,4
video719,19
video721,3
video722,14
video723,10
video724,18
video725,12
video726,3
video727,7
video728,9
video729,17
video730,11
video733,13
video734,14
video735,1
video736,14
video738,9
video739,8
video741,3
video742,4
video743,3
video745,15
video746,14
video747,8
video748,7
video750,4
video752,6
video753,0
video754,13
video755,7
video756,10
video757,0
video758,16
video759,18
video760,4
video761,14
video762,3
video763,18
video764,13
video765,16
video766,10
video767,2
video769,16
video772,9
video773,5
video774,3
video775,3
video776,3
video777,18
video778,3
video779,16
video780,7
video781,12
video782,0
video783,12
video786,18
video787,3
video788,0
video789,2
video790,14
video791,18
video792,4
video793,7
video794,6
video795,15
video796,17
video797,9
video798,7
video799,3
video800,18
video801,6
video802,9
video803,16
video804,16
video805,7
video806,13
video807,9
video808,16
video809,2
video810,15
video811,8
video812,4
video813,17
video815,9
video816,16
video817,16
video818,1
video819,8
video820,12
video821,7
video822,4
video824,9
video825,11
video826,7
video827,7
video829,16
video830,14
video831,9
video832,14
video834,2
video835,4
video836,19
video837,3
video838,8
video839,8
video840,13
video841,3
video842,8
video843,9
video844,14
video845,11
video847,1
video848,0
video849,5
video851,14
video852,2
video853,10
video854,17
video855,11
video856,16
video857,6
video858,0
video859,4
video860,15
video861,16
video862,10
video863,18
video864,9
video865,0
video867,9
video868,1
video870,1
video871,9
video872,16
video873,0
video874,0
video875,6
video876,3
video878,3
video879,3
video880,0
video882,2
video884,0
video887,6
video888,16
video889,3
video890,3
video891,2
video892,17
video894,2
video895,17
video898,6
video899,5
video900,14
video902,10
video903,14
video904,13
video905,13
video906,9
video907,19
video908,7
video909,2
video910,3
video911,6
video912,0
video913,10
video914,4
video915,10
video917,12
video918,3
video920,13
video921,1
video922,9
video923,8
video924,18
video926,7
video927,9
video928,18
video929,9
video930,14
video934,5
video935,7
video937,15
video938,15
video939,9
video940,13
video941,9
video943,18
video944,4
video945,3
video946,12
video947,4
video948,8
video949,5
video951,10
video952,5
video954,9
video957,16
video958,11
video959,3
video960,9
video961,9
video962,18
video965,9
video966,14
video969,3
video970,15
video972,3
video973,3
video974,3
video975,9
video976,1
video977,6
video978,3
video979,3
video980,14
video981,18
video982,7
video983,0
video984,13
video985,7
video986,6
video987,7
video988,18
video989,14
video991,0
video992,0
video993,4
video994,16
video995,6
video996,13
video997,13
video998,1
video999,9
video1000,7
video1001,1
video1002,3
video1003,4
video1004,10
video1005,11
video1007,3
video1009,15
video1010,4
video1011,9
video1012,12
video1013,0
video1014,3
video1015,9
video1016,10
video1017,3
video1018,5
video1019,4
video1020,10
video1021,9
video1022,4
video1023,16
video1024,3
video1025,13
video1026,4
video1027,11
video1028,2
video1029,13
video1030,3
video1031,9
video1032,15
video1033,14
video1034,4
video1035,16
video1036,3
video1037,9
video1038,4
video1039,10
video1040,4
video1041,10
video1042,6
video1043,13
video1044,8
video1046,1
video1047,7
video1048,18
video1049,3
video1050,15
video1051,18
video1052,8
video1053,3
video1054,9
video1055,18
video1056,4
video1057,1
video1058,10
video1059,14
video1060,9
video1061,9
video1062,9
video1063,9
video1064,8
video1065,4
video1067,10
video1068,18
video1069,10
video1070,9
video1071,3
video1073,12
video1074,16
video1075,13
video1076,7
video1077,3
video1078,5
video1079,0
video1080,10
video1081,18
video1082,9
video1083,15
video1084,3
video1085,3
video1086,11
video1087,7
video1088,6
video1089,10
video1090,11
video1091,17
video1093,16
video1094,12
video1095,4
video1096,7
video1098,10
video1099,8
video1100,16
video1101,2
video1103,3
video1104,5
video1106,16
video1107,12
video1108,2
video1109,9
video1110,9
video1111,17
video1112,13
video1113,9
video1114,1
video1117,16
video1119,13
video1120,5
video1121,17
video1122,14
video1123,9
video1124,12
video1125,17
video1126,4
video1129,1
video1130,17
video1131,4
video1132,14
video1133,14
video1134,2
video1135,7
video1136,9
video1137,1
video1138,9
video1139,14
video1140,3
video1142,10
video1143,6
video1144,10
video1145,14
video1146,9
video1147,0
video1148,16
video1149,6
video1150,14
video1151,9
video1153,16
video1154,1
video1156,0
video1157,3
video1158,0
video1159,7
video1160,6
video1161,14
video1162,9
video1163,16
video1164,18
video1166,10
video1167,19
video1168,18
video1170,9
video1171,8
video1172,7
video1173,14
video1174,9
video1175,16
video1177,2
video1179,7
video1180,7
video1182,7
video1183,7
video1184,7
video1185,11
video1187,11
video1188,16
video1189,4
video1190,9
video1191,9
video1192,15
video1193,10
video1194,4
video1197,4
video1198,9
video1199,15
video1200,9
video1201,12
video1202,0
video1203,9
video1204,14
video1205,16
video1206,10
video1207,16
video1208,13
video1209,7
video1210,9
video1211,3
video1212,6
video1213,16
video1214,11
video1217,7
video1218,3
video1219,3
video1220,10
video1221,7
video1222,9
video1223,18
video1224,7
video1225,13
video1226,12
video1228,3
video1229,1
video1230,12
video1233,12
video1234,0
video1235,2
video1236,9
video1237,10
video1239,16
video1240,4
video1241,3
video1242,13
video1243,0
video1244,7
video1245,7
video1246,4
video1247,3
video1248,0
video1249,3
video1250,1
video1251,10
video1253,12
video1254,2
video1255,7
video1256,13
video1257,18
video1258,14
video1259,7
video1260,6
video1261,6
video1262,2
video1263,10
video1264,9
video1265,16
video1266,9
video1267,4
video1268,13
video1269,7
video1270,16
video1271,13
video1272,10
video1273,18
video1275,11
video1276,18
video1277,2
video1278,7
video1279,0
video1280,9
video1281,16
video1282,19
video1283,13
video1284,7
video1285,6
video1286,19
video1287,3
video1288,3
video1289,7
video1290,5
video1291,3
video1294,17
video1295,3
video1296,5
video1297,7
video1298,17
video1300,17
video1301,8
video1302,2
video1303,15
video1304,7
video1305,2
video1306,14
video1307,14
video1308,18
video1309,9
video1311,14
video1313,16
video1314,1
video1315,1
video1316,11
video1317,3
video1318,17
video1319,5
video1320,9
video1321,16
video1323,3
video1324,14
video1325,7
video1326,14
video1328,3
video1329,3
video1330,4
video1331,10
video1332,14
video1333,5
video1334,3
video1335,12
video1336,0
video1337,18
video1338,18
video1339,8
video1340,13
video1341,18
video1342,3
video1343,4
video1344,9
video1346,10
video1347,3
video1348,2
video1349,9
video1350,16
video1351,4
video1352,14
video1353,7
video1354,3
video1355,8
video1356,9
video1357,18
video1360,7
video1361,14
video1362,7
video1363,2
video1364,16
video1365,3
video1368,2
video1370,6
video1371,9
video1372,14
video1373,14
video1374,9
video1375,11
video1376,7
video1377,7
video1378,16
video1379,3
video1380,7
video1381,3
video1382,4
video1383,0
video1384,14
video1385,0
video1386,16
video1387,1
video1388,3
video1389,16
video1390,13
video1391,16
video1392,16
video1393,4
video1395,12
video1396,12
video1397,3
video1398,16
video1399,16
video1401,18
video1402,16
video1403,11
video1404,7
video1405,0
video1406,16
video1407,7
video1408,3
video1409,8
video1410,10
video1412,4
video1413,9
video1414,17
video1415,16
video1416,14
video1418,7
video1419,7
video1420,14
video1421,2
video1422,8
video1423,13
video1424,3
video1425,13
video1426,6
video1427,17
video1428,7
video1429,4
video1430,10
video1431,1
video1432,3
video1433,18
video1434,0
video1435,8
video1436,0
video1437,3
video1438,3
video1439,7
video1440,10
video1441,17
video1442,5
video1444,18
video1445,1
video1446,5
video1447,13
video1448,4
video1449,12
video1450,13
video1451,5
video1452,11
video1453,10
video1454,7
video1455,13
video1456,16
video1458,9
video1459,3
video1460,6
video1461,5
video1462,14
video1463,9
video1464,11
video1466,13
video1467,2
video1468,10
video1469,11
video1470,15
video1471,18
video1473,2
video1474,7
video1475,7
video1476,7
video1477,2
video1478,17
video1479,0
video1480,3
video1481,11
video1482,16
video1483,10
video1484,4
video1485,7
video1486,6
video1487,11
video1488,16
video1489,17
video1490,17
video1491,2
video1492,3
video1495,0
video1496,18
video1497,13
video1498,6
video1499,7
video1500,5
video1501,14
video1503,18
video1504,13
video1505,6
video1506,0
video1507,7
video1509,18
video1510,9
video1511,4
video1512,16
video1515,7
video1516,10
video1517,7
video1518,12
video1519,12
video1520,10
video1521,14
video1524,14
video1525,2
video1526,10
video1527,14
video1528,17
video1529,18
video1530,16
video1531,5
video1532,9
video1533,12
video1534,5
video1535,10
video1536,3
video1537,10
video1538,14
video1539,2
video1540,10
video1541,11
video1542,3
video1543,3
video1544,19
video1545,3
video1546,7
video1547,11
video1548,7
video1549,10
video1550,11
video1551,9
video1552,18
video1553,0
video1554,0
video1556,10
video1557,9
video1558,0
video1559,0
video1560,16
video1561,18
video1562,18
video1563,14
video1564,14
video1565,7
video1566,1
video1567,11
video1568,12
video1569,2
video1571,12
video1572,3
video1573,4
video1575,3
video1576,0
video1577,12
video1578,17
video1579,0
video1580,9
video1581,17
video1582,3
video1583,16
video1584,16
video1585,3
video1587,10
video1588,13
video1589,3
video1590,8
video1591,17
video1592,13
video1593,16
video1594,7
video1595,11
video1596,14
video1597,9
video1598,13
video1599,5
video1601,12
video1602,9
video1603,18
video1604,7
video1605,0
video1606,13
video1607,7
video1608,3
video1609,7
video1610,7
video1611,16
video1612,15
video1613,13
video1614,16
video1615,14
video1616,1
video1617,16
video1619,14
video1620,15
video1621,5
video1623,3
video1625,13
video1626,3
video1627,10
video1628,3
video1629,17
video1631,11
video1632,0
video1633,14
video1634,9
video1635,0
video1636,13
video1638,9
video1639,19
video1640,16
video1641,2
video1642,7
video1643,19
video1644,9
video1645,0
video1646,11
video1647,18
video1648,10
video1649,0
video1650,18
video1651,3
video1652,3
video1653,3
video1655,13
video1656,3
video1657,12
video1658,12
video1659,3
video1660,8
video1661,8
video1663,16
video1665,6
video1666,12
video1667,1
video1668,13
video1669,14
video1671,5
video1672,3
video1673,15
video1674,18
video1675,7
video1676,7
video1677,0
video1678,4
video1679,9
video1681,14
video1682,9
video1684,0
video1685,10
video1686,0
video1687,4
video1688,11
video1689,13
video1690,9
video1691,7
video1692,7
video1693,16
video1694,8
video1696,16
video1697,16
video1698,9
video1699,13
video1700,8
video1701,2
video1702,16
video1703,16
video1704,0
video1705,0
video1706,17
video1708,3
video1709,18
video1711,6
video1712,5
video1713,9
video1714,9
video1715,16
video1716,10
video1717,5
video1719,0
video1720,3
video1722,10
video1724,13
video1725,9
video1726,9
video1727,11
video1728,10
video1729,12
video1730,7
video1731,7
video1732,15
video1733,7
video1734,3
video1735,1
video1736,14
video1737,9
video1738,13
video1739,3
video1740,7
video1742,2
video1743,17
video1744,3
video1745,2
video1746,4
video1747,19
video1748,14
video1749,6
video1750,17
video1751,17
video1753,13
video1754,7
video1755,7
video1756,6
video1757,7
video1758,12
video1759,9
video1760,14
video1761,3
video1762,2
video1763,0
video1764,17
video1765,3
video1766,11
video1767,14
video1768,14
video1770,6
video1771,18
video1772,0
video1773,6
video1774,18
video1775,14
video1776,8
video1777,16
video1778,14
video1779,13
video1781,5
video1782,18
video1784,7
video1785,11
video1788,10
video1789,3
video1790,0
video1791,12
video1792,16
video1793,13
video1794,0
video1796,16
video1797,9
video1798,10
video1799,16
video1800,0
video1801,14
video1802,16
video1804,16
video1805,0
video1806,3
video1807,3
video1808,0
video1809,2
video1810,12
video1811,8
video1812,14
video1813,14
video1815,18
video1816,17
video1817,11
video1818,3
video1819,0
video1821,11
video1822,16
video1823,12
video1824,4
video1825,18
video1826,17
video1828,18
video1829,7
video1830,5
video1831,10
video1832,12
video1833,3
video1834,9
video1835,0
video1837,16
video1838,7
video1839,13
video1840,14
video1841,14
video1842,15
video1844,12
video1846,5
video1848,7
video1849,9
video1850,4
video1851,13
video1852,10
video1853,10
video1854,16
video1855,9
video1856,6
video1857,3
video1858,4
video1859,8
video1860,3
video1861,5
video1862,17
video1863,18
video1864,3
video1865,14
video1866,4
video1867,16
video1868,16
video1869,10
video1870,9
video1871,7
video1872,11
video1873,13
video1874,0
video1877,17
video1879,13
video1881,10
video1882,14
video1883,9
video1884,17
video1885,18
video1886,0
video1887,2
video1888,4
video1889,15
video1890,0
video1891,2
video1892,13
video1894,8
video1895,13
video1896,16
video1897,13
video1898,5
video1899,16
video1900,9
video1901,9
video1903,3
video1904,4
video1906,16
video1907,13
video1908,10
video1909,9
video1911,10
video1912,8
video1914,13
video1915,17
video1916,18
video1917,11
video1918,10
video1919,15
video1920,14
video1921,12
video1923,9
video1924,4
video1925,13
video1926,6
video1927,4
video1928,13
video1929,3
video1931,19
video1932,8
video1933,7
video1934,13
video1935,18
video1936,0
video1937,11
video1938,7
video1939,0
video1940,3
video1942,7
video1945,9
video1946,0
video1947,11
video1948,9
video1949,3
video1950,7
video1951,16
video1952,11
video1953,3
video1954,8
video1955,1
video1956,4
video1957,4
video1959,9
video1961,16
video1963,8
video1964,0
video1965,2
video1966,16
video1967,4
video1968,10
video1969,18
video1972,10
video1973,12
video1974,18
video1975,9
video1976,18
video1977,13
video1978,3
video1979,18
video1980,12
video1981,12
video1982,3
video1983,13
video1984,13
video1985,3
video1986,16
video1987,1
video1988,4
video1989,9
video1990,0
video1991,0
video1992,4
video1993,9
video1995,6
video1996,9
video1997,10
video1998,4
video1999,16
video2002,0
video2003,8
video2004,9
video2005,1
video2006,10
video2007,2
video2008,19
video2009,16
video2010,18
video2011,8
video2012,10
video2013,8
video2014,16
video2015,3
video2016,6
video2017,5
video2018,9
video2019,13
video2020,14
video2021,7
video2022,1
video2023,7
video2024,6
video2025,0
video2026,3
video2027,15
video2028,6
video2029,8
video2030,11
video2031,14
video2032,9
video2033,13
video2034,18
video2035,16
video2036,7
video2037,18
video2038,3
video2039,9
video2040,7
video2041,3
video2042,5
video2043,3
video2045,0
video2048,9
video2052,12
video2054,3
video2055,2
video2057,19
video2058,9
video2059,5
video2060,16
video2061,2
video2062,13
video2063,2
video2064,7
video2065,14
video2066,16
video2067,0
video2068,10
video2069,4
video2070,18
video2071,4
video2072,15
video2073,10
video2074,5
video2075,4
video2076,12
video2077,18
video2078,10
video2079,3
video2080,10
video2081,15
video2082,7
video2083,14
video2084,16
video2085,13
video2087,13
video2088,3
video2089,11
video2090,5
video2091,1
video2092,3
video2093,15
video2094,14
video2096,5
video2097,4
video2098,0
video2099,1
video2100,7
video2101,3
video2102,2
video2104,17
video2105,19
video2106,13
video2107,7
video2108,7
video2109,1
video2112,1
video2113,4
video2114,13
video2115,14
video2116,14
video2117,11
video2118,13
video2119,9
video2120,3
video2121,17
video2122,4
video2123,14
video2124,12
video2125,14
video2126,9
video2127,18
video2128,3
video2130,10
video2131,7
video2132,16
video2133,13
video2135,2
video2136,12
video2137,5
video2139,13
video2140,5
video2141,4
video2142,7
video2143,13
video2144,4
video2145,7
video2146,18
video2147,10
video2148,8
video2149,5
video2150,5
video2151,8
video2152,2
video2153,4
video2154,2
video2155,18
video2157,13
video2158,9
video2159,5
video2160,10
video2161,3
video2162,2
video2163,6
video2164,11
video2165,6
video2166,3
video2167,16
video2168,9
video2169,7
video2170,9
video2171,0
video2172,17
video2173,18
video2174,1
video2176,7
video2177,9
video2178,4
video2180,15
video2181,13
video2182,7
video2183,9
video2185,2
video2186,9
video2187,7
video2188,9
video2189,3
video2190,5
video2191,4
video2193,8
video2194,18
video2195,10
video2196,8
video2197,2
video2198,14
video2199,12
video2200,18
video2202,14
video2203,16
video2204,11
video2205,9
video2206,13
video2207,0
video2208,2
video2209,7
video2210,2
video2211,12
video2212,3
video2213,3
video2214,11
video2215,12
video2216,17
video2217,5
video2218,7
video2219,14
video2220,7
video2223,14
video2224,13
video2225,3
video2226,0
video2227,0
video2228,9
video2231,4
video2232,1
video2233,5
video2234,7
video2235,8
video2236,9
video2237,7
video2238,17
video2239,13
video2240,3
video2241,17
video2242,14
video2243,16
video2244,10
video2246,14
video2247,6
video2248,3
video2249,3
video2250,16
video2251,6
video2253,18
video2254,2
video2255,18
video2256,15
video2257,14
video2258,9
video2259,2
video2260,3
video2261,7
video2262,5
video2263,13
video2264,2
video2265,9
video2266,18
video2267,9
video2268,15
video2269,0
video2270,9
video2271,6
video2272,4
video2273,12
video2274,7
video2275,13
video2276,9
video2278,3
video2279,3
video2280,6
video2281,1
video2282,3
video2283,8
video2284,10
video2285,2
video2286,8
video2287,16
video2288,4
video2289,7
video2290,0
video2291,18
video2292,7
video2293,17
video2294,14
video2295,3
video2296,1
video2297,0
video2298,9
video2299,3
video2302,16
video2303,12
video2304,17
video2305,3
video2306,9
video2307,5
video2308,15
video2309,3
video2311,3
video2312,4
video2314,13
video2315,9
video2316,16
video2317,3
video2318,0
video2319,13
video2321,8
video2322,13
video2324,17
video2325,16
video2326,3
video2327,17
video2328,13
video2329,18
video2330,12
video2331,9
video2332,7
video2334,7
video2335,0
video2336,3
video2337,12
video2338,18
video2339,7
video2340,13
video2341,7
video2342,4
video2344,8
video2345,0
video2346,17
video2347,3
video2348,5
video2349,7
video2350,10
video2351,19
video2352,1
video2353,3
video2354,0
video2355,5
video2356,14
video2359,7
video2360,3
video2361,0
video2362,6
video2363,15
video2365,8
video2366,14
video2367,3
video2368,7
video2369,16
video2370,0
video2371,13
video2372,14
video2373,7
video2374,9
video2375,5
video2376,13
video2377,9
video2378,14
video2379,3
video2380,19
video2382,5
video2383,3
video2384,9
video2385,3
video2386,0
video2387,16
video2388,7
video2389,14
video2390,3
video2391,1
video2394,8
video2395,6
video2396,14
video2397,10
video2399,13
video2401,8
video2402,1
video2403,14
video2405,7
video2406,16
video2407,18
video2408,3
video2409,19
video2410,10
video2411,12
video2412,7
video2413,17
video2414,16
video2415,11
video2416,13
video2417,3
video2418,11
video2419,9
video2421,0
video2422,0
video2423,11
video2424,18
video2425,14
video2426,16
video2428,14
video2429,14
video2430,5
video2431,4
video2432,18
video2433,13
video2434,3
video2435,6
video2436,0
video2437,9
video2439,10
video2440,18
video2441,14
video2442,9
video2443,8
video2444,17
video2445,3
video2446,8
video2447,11
video2448,0
video2449,18
video2451,3
video2452,13
video2454,7
video2455,6
video2456,4
video2457,3
video2458,13
video2459,2
video2460,6
video2463,3
video2464,2
video2465,3
video2466,3
video2467,16
video2468,17
video2469,13
video2470,12
video2471,7
video2472,3
video2473,0
video2474,3
video2475,3
video2476,11
video2477,4
video2478,12
video2479,9
video2480,11
video2481,3
video2482,0
video2483,2
video2484,0
video2485,7
video2486,6
video2487,9
video2488,0
video2489,0
video2490,14
video2491,14
video2493,9
video2494,4
video2495,3
video2497,5
video2498,0
video2499,3
video2500,7
video2501,4
video2503,4
video2505,3
video2506,9
video2507,10
video2508,0
video2511,7
video2514,7
video2515,14
video2516,13
video2517,2
video2518,4
video2519,3
video2520,0
video2521,18
video2523,8
video2524,15
video2525,3
video2526,13
video2527,9
video2528,7
video2529,18
video2530,7
video2532,9
video2533,2
video2534,3
video2536,14
video2537,11
video2538,18
video2539,17
video2540,13
video2541,3
video2542,16
video2543,9
video2544,19
video2545,3
video2546,1
video2547,11
video2550,7
video2551,16
video2552,7
video2553,3
video2554,10
video2555,10
video2556,9
video2557,10
video2560,0
video2561,10
video2562,14
video2563,10
video2564,0
video2565,7
video2566,7
video2568,3
video2569,3
video2570,4
video2572,0
video2574,5
video2575,9
video2576,13
video2579,4
video2580,3
video2581,7
video2582,9
video2583,11
video2584,3
video2585,9
video2586,3
video2587,7
video2588,7
video2589,16
video2590,18
video2591,6
video2592,3
video2593,0
video2594,3
video2595,8
video2596,0
video2597,3
video2600,0
video2601,18
video2602,3
video2603,7
video2604,15
video2605,11
video2606,17
video2607,2
video2608,3
video2609,10
video2610,7
video2611,17
video2612,8
video2613,14
video2614,7
video2615,0
video2616,8
video2617,18
video2618,18
video2620,16
video2621,2
video2622,0
video2623,15
video2625,8
video2626,18
video2627,5
video2628,0
video2630,2
video2631,12
video2632,10
video2633,1
video2634,3
video2635,9
video2636,3
video2637,1
video2638,7
video2639,13
video2640,0
video2641,8
video2642,7
video2643,13
video2645,18
video2646,0
video2647,5
video2649,9
video2650,11
video2651,19
video2652,7
video2654,2
video2656,14
video2657,0
video2658,14
video2659,12
video2660,7
video2661,4
video2662,4
video2663,16
video2664,3
video2665,12
video2666,0
video2667,11
video2668,15
video2669,10
video2670,10
video2672,2
video2674,13
video2675,8
video2676,11
video2677,7
video2678,14
video2679,7
video2680,10
video2681,13
video2682,2
video2683,6
video2684,14
video2685,3
video2686,0
video2687,12
video2688,2
video2689,5
video2690,14
video2691,1
video2692,0
video2693,0
video2694,0
video2695,18
video2696,8
video2697,9
video2698,10
video2699,7
video2700,4
video2701,15
video2702,3
video2704,4
video2705,7
video2706,0
video2708,3
video2709,9
video2710,9
video2712,0
video2713,10
video2714,11
video2715,13
video2716,3
video2717,9
video2718,14
video2719,4
video2720,9
video2721,18
video2722,3
video2723,13
video2726,9
video2727,17
video2728,3
video2729,4
video2730,3
video2731,9
video2732,12
video2733,17
video2735,10
video2736,18
video2737,9
video2738,0
video2739,7
video2740,4
video2741,8
video2742,10
video2743,4
video2744,17
video2745,0
video2746,1
video2747,0
video2748,7
video2749,0
video2750,7
video2752,12
video2753,1
video2754,14
video2755,1
video2756,5
video2757,6
video2758,15
video2759,12
video2760,3
video2762,3
video2763,14
video2764,16
video2765,9
video2766,17
video2767,13
video2769,2
video2771,1
video2772,9
video2773,9
video2774,7
video2775,18
video2776,3
video2777,14
video2778,10
video2779,6
video2780,18
video2781,1
video2783,14
video2784,18
video2785,14
video2786,3
video2787,10
video2788,4
video2789,9
video2790,13
video2791,4
video2792,8
video2793,3
video2794,7
video2796,13
video2798,7
video2799,4
video2800,2
video2801,0
video2802,4
video2803,18
video2804,7
video2805,16
video2806,13
video2807,13
video2808,12
video2809,9
video2810,13
video2812,3
video2813,9
video2814,9
video2815,6
video2816,19
video2817,8
video2818,4
video2819,6
video2820,2
video2821,9
video2822,1
video2823,4
video2824,6
video2825,8
video2826,10
video2827,9
video2828,2
video2829,10
video2830,0
video2832,19
video2833,9
video2834,18
video2835,3
video2836,7
video2837,0
video2838,17
video2839,16
video2840,7
video2841,4
video2842,5
video2845,10
video2846,6
video2847,14
video2848,9
video2849,8
video2850,16
video2851,13
video2852,7
video2853,14
video2854,14
video2855,12
video2856,18
video2857,4
video2858,13
video2859,6
video2860,3
video2861,10
video2862,19
video2863,7
video2864,14
video2865,3
video2866,17
video2867,6
video2868,18
video2869,9
video2870,7
video2871,10
video2873,0
video2874,2
video2875,18
video2876,14
video2877,3
video2878,4
video2879,13
video2880,18
video2881,12
video2882,18
video2883,14
video2884,3
video2885,6
video2887,15
video2888,4
video2889,11
video2890,16
video2891,0
video2892,18
video2893,4
video2894,18
video2895,14
video2896,2
video2897,8
video2898,17
video2900,4
video2901,8
video2902,3
video2903,15
video2904,9
video2905,2
video2906,15
video2907,16
video2908,13
video2909,3
video2910,12
video2911,2
video2912,17
video2913,10
video2914,4
video2915,7
video2916,4
video2917,5
video2918,2
video2919,15
video2920,18
video2922,16
video2923,6
video2925,9
video2926,3
video2927,2
video2928,17
video2929,14
video2930,0
video2931,9
video2932,9
video2933,5
video2934,11
video2935,10
video2936,9
video2937,4
video2938,4
video2940,18
video2941,13
video2942,10
video2943,11
video2944,3
video2945,2
video2946,16
video2947,9
video2948,3
video2949,17
video2950,7
video2952,7
video2953,3
video2954,18
video2955,18
video2956,17
video2958,18
video2961,15
video2962,9
video2963,18
video2964,7
video2965,14
video2966,17
video2967,3
video2968,5
video2969,15
video2970,3
video2971,14
video2972,13
video2973,16
video2974,1
video2976,0
video2978,19
video2979,10
video2980,9
video2981,0
video2982,14
video2983,2
video2985,10
video2986,7
video2987,14
video2988,6
video2989,3
video2990,18
video2991,7
video2993,17
video2994,3
video2995,3
video2996,16
video2997,8
video2998,3
video2999,13
video3000,2
video3001,14
video3002,18
video3003,16
video3004,14
video3005,7
video3006,6
video3007,16
video3008,12
video3009,0
video3010,16
video3013,10
video3014,7
video3015,16
video3017,3
video3018,3
video3019,14
video3020,12
video3021,2
video3022,7
video3023,3
video3024,0
video3025,2
video3026,13
video3028,19
video3029,2
video3030,7
video3032,7
video3033,11
video3034,14
video3035,12
video3036,7
video3037,19
video3039,1
video3040,7
video3041,3
video3042,7
video3043,3
video3044,13
video3045,19
video3046,7
video3047,0
video3048,11
video3049,3
video3050,3
video3051,13
video3052,4
video3053,17
video3054,9
video3055,18
video3056,12
video3059,3
video3060,9
video3061,16
video3062,2
video3063,18
video3064,18
video3065,2
video3066,16
video3067,10
video3068,15
video3071,3
video3073,11
video3074,1
video3075,3
video3076,2
video3077,12
video3079,0
video3080,9
video3081,18
video3082,3
video3083,10
video3084,0
video3085,15
video3086,18
video3087,0
video3088,7
video3089,0
video3090,14
video3091,16
video3092,10
video3093,2
video3094,0
video3095,7
video3096,9
video3097,16
video3098,3
video3099,0
video3100,19
video3101,9
video3102,0
video3103,5
video3104,1
video3105,13
video3106,5
video3108,17
video3110,1
video3111,7
video3113,3
video3114,17
video3115,10
video3116,15
video3117,0
video3118,4
video3120,3
video3121,2
video3122,6
video3123,7
video3124,4
video3125,0
video3126,16
video3127,14
video3128,0
video3129,3
video3130,6
video3131,16
video3132,0
video3134,13
video3135,2
video3136,16
video3137,0
video3138,13
video3139,14
video3140,18
video3141,13
video3142,7
video3143,13
video3144,3
video3145,12
video3146,4
video3147,0
video3149,4
video3150,17
video3151,13
video3152,5
video3153,9
video3154,4
video3155,4
video3156,8
video3157,0
video3158,16
video3159,7
video3160,3
video3161,13
video3162,9
video3164,17
video3165,16
video3166,3
video3168,16
video3169,9
video3170,16
video3171,2
video3173,11
video3174,0
video3175,10
video3176,13
video3177,14
video3178,0
video3179,12
video3181,4
video3182,14
video3183,9
video3184,8
video3185,11
video3186,3
video3188,9
video3189,12
video3190,13
video3191,13
video3194,0
video3195,16
video3196,15
video3197,0
video3198,6
video3199,9
video3200,11
video3201,13
video3202,0
video3203,9
video3204,11
video3205,2
video3206,3
video3207,0
video3208,3
video3209,0
video3210,18
video3211,14
video3212,3
video3214,2
video3215,3
video3217,14
video3219,3
video3220,3
video3221,9
video3222,7
video3223,4
video3224,9
video3225,12
video3226,10
video3227,0
video3228,12
video3229,6
video3230,9
video3231,7
video3232,8
video3233,0
video3234,17
video3235,10
video3236,12
video3237,16
video3238,16
video3239,3
video3240,4
video3241,18
video3242,3
video3243,4
video3244,12
video3245,3
video3246,7
video3247,7
video3248,11
video3249,16
video3250,6
video3251,16
video3252,17
video3253,9
video3255,8
video3256,16
video3257,14
video3258,14
video3259,3
video3260,7
video3261,3
video3262,12
video3263,14
video3264,0
video3265,3
video3266,9
video3267,10
video3268,18
video3269,0
video3270,9
video3271,16
video3273,17
video3274,18
video3276,4
video3277,16
video3278,11
video3279,3
video3280,0
video3281,18
video3282,0
video3283,3
video3284,3
video3285,13
video3288,3
video3289,10
video3290,17
video3291,16
video3292,3
video3293,4
video3294,16
video3295,0
video3296,10
video3297,17
video3298,0
video3299,0
video3301,18
video3302,14
video3303,13
video3304,3
video3305,0
video3306,9
video3307,7
video3308,10
video3310,16
video3311,10
video3312,7
video3313,15
video3315,7
video3316,15
video3318,18
video3319,0
video3320,16
video3321,7
video3322,16
video3323,13
video3324,8
video3325,15
video3326,16
video3327,18
video3328,0
video3329,6
video3330,7
video3331,3
video3332,9
video3333,13
video3334,7
video3335,9
video3337,17
video3338,1
video3339,17
video3340,0
video3341,13
video3342,9
video3343,9
video3344,16
video3345,4
video3347,0
video3348,7
video3349,17
video3351,17
video3353,12
video3354,17
video3355,11
video3356,18
video3358,13
video3359,4
video3360,16
video3361,16
video3362,0
video3363,3
video3365,13
video3366,8
video3367,7
video3368,3
video3370,16
video3371,7
video3372,4
video3373,3
video3374,10
video3375,9
video3376,7
video3377,7
video3378,4
video3379,8
video3380,17
video3381,12
video3382,10
video3383,10
video3385,4
video3386,2
video3388,16
video3389,2
video3390,4
video3391,6
video3392,9
video3393,16
video3394,18
video3395,19
video3396,3
video3397,16
video3398,6
video3399,4
video3400,16
video3401,17
video3402,18
video3403,16
video3404,18
video3405,9
video3406,18
video3407,9
video3408,9
video3409,5
video3410,3
video3411,0
video3412,11
video3413,14
video3414,3
video3415,0
video3416,13
video3417,8
video3418,16
video3419,16
video3420,14
video3422,13
video3423,13
video3424,14
video3425,9
video3426,12
video3428,3
video3429,4
video3430,10
video3431,13
video3432,15
video3433,14
video3434,16
video3435,6
video3436,2
video3438,10
video3439,12
video3440,13
video3441,5
video3442,4
video3444,10
video3445,16
video3446,18
video3447,3
video3448,0
video3449,0
video3450,12
video3451,13
video3453,17
video3454,16
video3456,3
video3459,3
video3462,0
video3463,14
video3464,16
video3465,7
video3466,7
video3467,4
video3468,18
video3469,3
video3470,17
video3471,3
video3472,5
video3473,0
video3474,9
video3475,10
video3476,9
video3477,4
video3478,16
video3479,17
video3480,9
video3481,6
video3482,7
video3483,1
video3484,3
video3485,2
video3486,19
video3487,2
video3488,7
video3489,3
video3490,16
video3491,2
video3492,14
video3493,14
video3494,8
video3495,17
video3497,9
video3498,13
video3499,1
video3500,12
video3501,17
video3502,12
video3503,16
video3504,16
video3505,0
video3507,18
video3508,7
video3509,16
video3510,4
video3511,9
video3512,4
video3513,6
video3514,17
video3515,10
video3516,16
video3517,3
video3518,2
video3519,3
video3520,10
video3522,9
video3523,14
video3524,1
video3525,13
video3527,10
video3528,16
video3529,9
video3530,16
video3533,7
video3534,10
video3535,13
video3536,11
video3537,12
video3538,14
video3539,3
video3540,18
video3541,3
video3542,14
video3543,13
video3544,3
video3545,0
video3546,12
video3547,9
video3548,2
video3549,0
video3550,18
video3551,5
video3552,3
video3553,7
video3554,18
video3555,5
video3556,3
video3557,18
video3558,0
video3560,0
video3561,2
video3562,5
video3564,1
video3565,8
video3566,12
video3567,2
video3568,19
video3569,18
video3570,0
video3571,14
video3572,18
video3573,8
video3574,12
video3575,7
video3576,19
video3577,10
video3578,4
video3579,3
video3580,16
video3581,3
video3582,16
video3583,7
video3584,10
video3585,10
video3586,9
video3587,12
video3588,3
video3589,7
video3590,14
video3591,16
video3592,10
video3593,13
video3594,10
video3595,10
video3596,10
video3597,3
video3598,14
video3599,13
video3600,7
video3601,16
video3602,10
video3603,10
video3604,3
video3605,16
video3606,7
video3607,17
video3608,13
video3609,5
video3610,9
video3611,7
video3612,17
video3613,18
video3614,11
video3618,16
video3620,16
video3621,8
video3622,0
video3624,7
video3625,3
video3626,6
video3627,3
video3628,3
video3629,4
video3630,7
video3632,4
video3633,3
video3634,3
video3635,7
video3636,7
video3637,9
video3639,8
video3640,7
video3641,9
video3642,7
video3643,16
video3644,3
video3645,8
video3646,10
video3647,14
video3648,15
video3651,13
video3652,7
video3653,16
video3654,7
video3655,17
video3656,14
video3657,4
video3658,18
video3659,18
video3660,3
video3661,3
video3663,18
video3664,7
video3667,4
video3668,8
video3669,3
video3670,0
video3671,3
video3672,7
video3673,4
video3674,3
video3676,13
video3677,10
video3678,10
video3679,9
video3680,2
video3681,11
video3682,1
video3683,18
video3684,7
video3685,3
video3686,9
video3687,0
video3688,7
video3689,17
video3690,11
video3691,2
video3692,3
video3693,17
video3694,3
video3695,3
video3696,7
video3697,18
video3698,14
video3699,11
video3700,16
video3701,11
video3702,3
video3703,16
video3704,13
video3705,1
video3706,7
video3707,17
video3708,6
video3709,3
video3710,3
video3712,14
video3713,2
video3714,18
video3715,4
video3716,1
video3717,0
video3718,14
video3719,17
video3720,18
video3721,19
video3722,14
video3723,3
video3724,11
video3726,7
video3727,3
video3728,18
video3729,8
video3730,7
video3731,19
video3732,16
video3734,5
video3735,7
video3737,7
video3738,17
video3739,2
video3740,3
video3741,1
video3743,18
video3744,7
video3745,14
video3746,0
video3747,6
video3748,9
video3750,14
video3751,6
video3752,6
video3753,16
video3754,7
video3755,9
video3756,10
video3757,0
video3758,3
video3759,9
video3760,3
video3761,9
video3763,11
video3764,3
video3765,10
video3767,4
video3768,12
video3769,0
video3770,0
video3771,18
video3772,7
video3773,3
video3774,13
video3775,7
video3776,2
video3777,10
video3778,15
video3781,7
video3782,16
video3783,0
video3784,8
video3785,7
video3786,7
video3787,4
video3789,9
video3790,9
video3791,9
video3793,0
video3794,13
video3795,16
video3796,14
video3797,4
video3798,10
video3799,8
video3800,11
video3801,7
video3802,3
video3803,9
video3804,6
video3805,4
video3806,3
video3807,3
video3808,5
video3809,11
video3810,12
video3811,18
video3812,3
video3813,7
video3814,6
video3816,4
video3817,13
video3818,3
video3819,7
video3820,18
video3821,18
video3823,14
video3824,10
video3825,7
video3826,3
video3827,16
video3828,3
video3829,12
video3830,10
video3831,13
video3832,10
video3833,13
video3834,9
video3835,10
video3836,14
video3838,3
video3839,14
video3840,16
video3841,13
video3842,10
video3843,0
video3844,7
video3846,2
video3847,7
video3848,9
video3849,16
video3850,16
video3851,18
video3852,14
video3853,13
video3854,5
video3855,16
video3856,9
video3857,7
video3858,7
video3859,7
video3860,14
video3862,10
video3863,2
video3865,14
video3866,9
video3867,9
video3868,16
video3869,18
video3870,7
video3871,10
video3872,3
video3873,10
video3874,10
video3875,6
video3876,1
video3877,16
video3878,14
video3879,8
video3880,8
video3881,18
video3882,14
video3883,4
video3884,8
video3885,3
video3886,0
video3887,4
video3888,7
video3889,7
video3890,8
video3891,13
video3892,2
video3894,3
video3896,7
video3897,14
video3898,0
video3899,10
video3900,1
video3901,10
video3902,18
video3904,5
video3905,9
video3906,3
video3908,10
video3910,14
video3911,10
video3912,11
video3913,10
video3914,8
video3915,0
video3916,14
video3918,6
video3919,9
video3920,16
video3921,14
video3923,9
video3924,0
video3925,3
video3927,9
video3929,13
video3930,3
video3932,10
video3933,15
video3934,8
video3935,2
video3937,12
video3938,13
video3939,7
video3941,8
video3943,13
video3945,2
video3946,16
video3947,9
video3949,11
video3950,13
video3953,7
video3954,7
video3955,11
video3956,13
video3957,18
video3958,9
video3960,1
video3961,10
video3962,9
video3963,4
video3964,1
video3965,10
video3966,9
video3967,14
video3968,19
video3969,0
video3970,7
video3971,16
video3972,9
video3973,0
video3974,7
video3975,5
video3976,9
video3977,4
video3978,10
video3979,9
video3980,9
video3981,1
video3982,18
video3983,0
video3985,0
video3986,3
video3987,3
video3988,4
video3989,17
video3990,10
video3991,8
video3992,18
video3993,13
video3995,18
video3996,5
video3997,3
video3998,3
video3999,18
video4000,10
video4001,16
video4002,16
video4003,16
video4004,13
video4005,5
video4006,7
video4007,4
video4008,3
video4009,16
video4010,13
video4012,9
video4013,13
video4015,8
video4017,16
video4019,8
video4020,13
video4021,19
video4022,5
video4023,16
video4024,4
video4025,13
video4026,5
video4027,9
video4028,18
video4030,8
video4031,3
video4032,11
video4033,3
video4034,13
video4035,8
video4036,9
video4037,3
video4038,3
video4039,7
video4041,9
video4042,16
video4043,13
video4044,11
video4045,9
video4046,16
video4047,7
video4048,19
video4050,19
video4051,1
video4052,15
video4053,17
video4054,7
video4055,10
video4056,19
video4057,16
video4059,16
video4060,14
video4061,14
video4062,2
video4063,16
video4064,5
video4065,0
video4067,11
video4068,1
video4069,7
video4070,5
video4071,2
video4072,4
video4073,9
video4075,18
video4077,9
video4078,16
video4080,15
video4081,4
video4082,3
video4083,9
video4084,18
video4085,5
video4086,11
video4087,3
video4088,15
video4089,13
video4090,14
video4091,9
video4093,10
video4094,7
video4095,8
video4096,13
video4097,1
video4098,8
video4099,2
video4100,0
video4101,8
video4102,7
video4105,7
video4106,18
video4107,6
video4108,17
video4109,16
video4110,1
video4111,10
video4112,9
video4113,7
video4116,7
video4117,3
video4118,7
video4119,7
video4120,3
video4122,18
video4123,13
video4124,9
video4125,14
video4126,6
video4127,19
video4129,16
video4130,2
video4131,7
video4132,5
video4133,17
video4134,8
video4135,5
video4136,0
video4137,3
video4138,18
video4139,17
video4141,6
video4142,14
video4143,16
video4144,1
video4146,18
video4147,6
video4148,14
video4149,14
video4150,0
video4151,5
video4153,19
video4154,12
video4155,0
video4156,2
video4157,3
video4158,18
video4159,9
video4160,18
video4161,14
video4163,3
video4164,4
video4165,3
video4166,13
video4167,8
video4168,7
video4169,11
video4170,9
video4171,17
video4172,2
video4174,7
video4175,0
video4176,3
video4177,3
video4178,12
video4180,14
video4181,8
video4182,15
video4183,10
video4184,11
video4185,9
video4186,12
video4187,3
video4188,5
video4189,2
video4190,9
video4192,9
video4193,17
video4195,12
video4196,10
video4197,18
video4198,3
video4199,9
video4200,4
video4201,3
video4202,5
video4203,17
video4204,10
video4205,13
video4206,11
video4207,1
video4208,5
video4209,12
video4210,16
video4211,4
video4212,16
video4213,8
video4214,3
video4215,7
video4216,18
video4217,18
video4218,7
video4219,10
video4220,9
video4221,3
video4222,3
video4223,11
video4224,14
video4225,2
video4226,5
video4227,2
video4228,15
video4229,11
video4230,4
video4232,4
video4233,18
video4234,5
video4235,2
video4236,0
video4237,9
video4238,7
video4239,3
video4240,7
video4242,4
video4243,15
video4244,14
video4245,13
video4246,4
video4247,6
video4248,18
video4249,15
video4250,5
video4251,0
video4252,13
video4253,2
video4254,6
video4255,8
video4257,10
video4258,2
video4259,0
video4260,0
video4261,14
video4262,3
video4263,10
video4264,1
video4265,10
video4266,0
video4267,0
video4268,13
video4269,9
video4270,7
video4271,7
video4272,2
video4273,3
video4275,9
video4276,4
video4279,7
video4280,4
video4281,3
video4282,9
video4283,12
video4285,11
video4287,13
video4288,13
video4289,2
video4290,3
video4292,9
video4293,16
video4294,18
video4295,16
video4297,0
video4298,12
video4299,7
video4300,2
video4301,7
video4302,14
video4303,13
video4304,2
video4305,7
video4306,17
video4307,3
video4309,1
video4310,4
video4311,3
video4312,8
video4313,17
video4314,0
video4315,9
video4317,5
video4318,3
video4319,17
video4320,16
video4321,0
video4322,3
video4323,15
video4324,5
video4326,18
video4327,0
video4329,3
video4331,7
video4332,0
video4333,17
video4334,7
video4335,7
video4337,3
video4338,18
video4339,12
video4340,0
video4341,3
video4342,0
video4343,18
video4344,2
video4345,12
video4346,11
video4347,4
video4348,0
video4349,14
video4350,4
video4351,10
video4352,2
video4353,16
video4354,3
video4355,6
video4356,7
video4357,2
video4358,16
video4359,19
video4360,9
video4361,8
video4362,2
video4363,10
video4364,9
video4366,16
video4367,6
video4369,0
video4370,2
video4371,1
video4372,16
video4375,8
video4376,7
video4377,0
video4378,9
video4379,14
video4380,7
video4381,7
video4383,9
video4384,4
video4385,16
video4386,10
video4388,19
video4389,2
video4390,7
video4391,13
video4392,15
video4393,14
video4394,7
video4395,2
video4396,5
video4397,9
video4398,15
video4399,18
video4400,17
video4401,5
video4402,16
video4403,13
video4404,12
video4405,7
video4406,7
video4407,12
video4408,9
video4409,3
video4410,3
video4411,19
video4412,9
video4414,4
video4415,13
video4416,6
video4417,16
video4418,7
video4419,18
video4420,12
video4421,2
video4422,0
video4423,13
video4424,16
video4425,3
video4426,13
video4427,16
video4428,1
video4429,16
video4430,18
video4431,13
video4432,0
video4433,13
video4434,5
video4435,16
video4436,5
video4437,13
video4438,16
video4439,12
video4440,3
video4441,7
video4442,18
video4443,0
video4444,12
video4445,13
video4446,5
video4447,1
video4448,2
video4449,2
video4450,3
video4451,4
video4452,10
video4453,2
video4454,13
video4455,0
video4456,0
video4457,9
video4458,0
video4459,3
video4460,3
video4461,1
video4462,2
video4463,2
video4464,3
video4466,5
video4467,0
video4468,1
video4469,13
video4470,14
video4471,2
video4472,17
video4474,3
video4475,9
video4477,8
video4478,12
video4479,3
video4480,18
video4482,15
video4483,19
video4484,7
video4485,18
video4486,3
video4487,13
video4488,8
video4489,18
video4490,10
video4491,5
video4492,17
video4493,18
video4494,5
video4495,10
video4496,14
video4497,7
video4498,13
video4500,3
video4501,3
video4502,2
video4503,19
video4504,1
video4505,8
video4506,14
video4507,6
video4508,3
video4509,7
video4510,9
video4511,0
video4512,1
video4513,18
video4514,8
video4515,14
video4516,9
video4517,7
video4518,1
video4519,9
video4520,1
video4521,16
video4523,14
video4524,0
video4526,11
video4527,0
video4528,1
video4531,11
video4532,8
video4533,7
video4535,16
video4536,7
video4537,15
video4538,7
video4539,13
video4540,7
video4541,13
video4542,7
video4543,3
video4544,7
video4545,3
video4547,10
video4548,7
video4549,3
video4550,9
video4551,13
video4552,9
video4553,13
video4554,16
video4555,4
video4556,6
video4557,5
video4558,16
video4559,3
video4560,7
video4561,3
video4563,3
video4564,10
video4565,3
video4566,3
video4568,4
video4569,19
video4570,14
video4571,7
video4573,16
video4574,3
video4575,14
video4576,7
video4577,18
video4578,9
video4579,16
video4580,8
video4581,9
video4582,10
video4583,1
video4584,13
video4586,3
video4587,0
video4588,0
video4589,13
video4591,5
video4592,14
video4593,4
video4595,2
video4596,6
video4597,8
video4598,13
video4599,19
video4600,8
video4602,9
video4603,7
video4604,19
video4606,17
video4607,16
video4608,18
video4609,3
video4611,4
video4612,18
video4615,14
video4616,4
video4617,10
video4618,10
video4619,13
video4620,6
video4621,13
video4622,4
video4623,16
video4624,3
video4625,4
video4626,8
video4627,16
video4629,13
video4630,3
video4631,16
video4632,10
video4634,13
video4635,13
video4636,19
video4637,4
video4638,16
video4639,4
video4641,16
video4642,7
video4643,4
video4645,2
video4646,9
video4648,3
video4649,2
video4650,16
video4651,6
video4652,0
video4653,13
video4654,5
video4655,7
video4656,7
video4657,4
video4658,18
video4659,4
video4661,0
video4662,7
video4663,0
video4664,19
video4665,14
video4666,17
video4667,17
video4668,16
video4669,13
video4670,4
video4671,14
video4672,8
video4673,14
video4674,14
video4676,18
video4677,3
video4678,18
video4679,4
video4680,7
video4681,4
video4682,2
video4683,3
video4684,7
video4685,18
video4686,3
video4687,10
video4689,3
video4690,7
video4693,13
video4694,12
video4695,8
video4696,10
video4698,9
video4699,15
video4700,18
video4701,18
video4703,1
video4704,12
video4705,8
video4706,6
video4707,16
video4708,14
video4709,13
video4711,3
video4712,10
video4713,11
video4714,10
video4715,0
video4716,1
video4717,3
video4718,0
video4719,18
video4720,7
video4721,16
video4723,16
video4724,3
video4725,10
video4726,15
video4727,18
video4728,18
video4729,16
video4730,0
video4731,9
video4732,4
video4733,12
video4734,12
video4735,3
video4736,0
video4739,4
video4740,10
video4741,7
video4742,0
video4743,16
video4744,3
video4745,6
video4746,9
video4747,9
video4748,10
video4749,7
video4750,3
video4751,18
video4752,4
video4754,0
video4755,9
video4756,6
video4757,4
video4758,2
video4759,18
video4760,14
video4761,17
video4762,16
video4763,12
video4764,7
video4765,9
video4766,13
video4767,8
video4768,14
video4769,3
video4770,0
video4771,3
video4772,9
video4773,7
video4774,3
video4775,3
video4776,7
video4777,3
video4778,3
video4782,2
video4784,9
video4785,4
video4786,7
video4787,1
video4788,3
video4789,9
video4790,1
video4791,16
video4792,6
video4793,13
video4794,4
video4795,7
video4796,2
video4797,4
video4798,10
video4799,1
video4800,9
video4801,4
video4802,4
video4803,3
video4804,9
video4805,3
video4806,3
video4807,9
video4808,13
video4809,18
video4810,0
video4811,1
video4812,14
video4813,15
video4814,8
video4815,3
video4816,7
video4817,16
video4818,15
video4819,0
video4821,4
video4822,9
video4823,9
video4824,14
video4825,3
video4826,10
video4827,0
video4829,0
video4830,4
video4831,17
video4832,19
video4833,1
video4834,10
video4835,9
video4836,16
video4837,0
video4838,16
video4839,9
video4840,14
video4841,3
video4842,3
video4843,3
video4844,2
video4845,9
video4846,3
video4848,7
video4852,14
video4854,17
video4855,16
video4856,7
video4857,9
video4859,4
video4860,3
video4861,3
video4862,7
video4863,2
video4864,10
video4865,9
video4866,18
video4867,18
video4868,9
video4869,7
video4870,0
video4871,16
video4872,16
video4873,2
video4875,18
video4876,1
video4877,1
video4878,6
video4879,19
video4881,8
video4882,11
video4883,13
video4884,14
video4885,11
video4886,3
video4887,4
video4888,13
video4889,0
video4890,18
video4891,9
video4892,2
video4893,1
video4894,0
video4895,3
video4896,3
video4897,18
video4898,15
video4899,10
video4900,18
video4901,6
video4902,10
video4903,3
video4904,10
video4905,16
video4906,1
video4907,3
video4908,13
video4909,3
video4910,3
video4911,5
video4912,13
video4913,19
video4914,7
video4915,5
video4916,5
video4917,18
video4918,3
video4919,7
video4920,7
video4921,4
video4922,13
video4923,18
video4924,10
video4925,13
video4926,7
video4928,7
video4929,9
video4930,10
video4931,4
video4932,15
video4933,9
video4934,7
video4935,13
video4936,12
video4937,14
video4938,1
video4940,13
video4941,13
video4942,3
video4943,18
video4944,4
video4945,3
video4946,16
video4947,7
video4948,13
video4949,16
video4950,11
video4951,0
video4952,14
video4953,19
video4954,12
video4955,12
video4958,9
video4959,14
video4961,8
video4962,3
video4963,3
video4964,4
video4965,0
video4966,17
video4967,10
video4968,15
video4969,10
video4970,17
video4971,10
video4972,3
video4973,16
video4974,10
video4975,4
video4976,8
video4977,7
video4978,0
video4979,14
video4981,14
video4982,0
video4983,2
video4984,4
video4985,14
video4986,18
video4987,6
video4988,7
video4990,0
video4991,3
video4992,2
video4993,13
video4994,4
video4995,3
video4996,5
video4997,7
video4998,7
video4999,13
video5000,7
video5001,11
video5003,0
video5004,13
video5006,9
video5008,7
video5009,10
video5010,18
video5012,2
video5013,12
video5014,0
video5016,7
video5017,11
video5018,4
video5020,7
video5022,10
video5023,13
video5024,13
video5026,9
video5027,3
video5028,9
video5029,18
video5030,16
video5031,7
video5032,8
video5033,10
video5034,0
video5035,3
video5036,19
video5037,15
video5038,9
video5039,10
video5040,0
video5042,15
video5043,3
video5044,0
video5045,3
video5046,5
video5047,16
video5049,9
video5050,14
video5051,9
video5052,13
video5053,13
video5054,8
video5055,0
video5056,14
video5057,9
video5058,12
video5060,2
video5061,9
video5062,9
video5063,2
video5064,16
video5065,13
video5066,7
video5068,15
video5069,3
video5070,18
video5071,17
video5072,3
video5073,13
video5074,2
video5075,14
video5076,17
video5077,2
video5078,12
video5079,14
video5081,14
video5083,7
video5084,12
video5085,8
video5086,7
video5087,3
video5088,4
video5089,9
video5090,4
video5091,10
video5093,11
video5094,2
video5095,7
video5096,4
video5097,16
video5098,3
video5099,10
video5100,7
video5101,3
video5102,17
video5103,4
video5104,2
video5105,16
video5107,15
video5108,4
video5109,9
video5110,10
video5111,6
video5112,9
video5114,3
video5115,5
video5116,6
video5117,9
video5118,16
video5119,7
video5120,9
video5121,12
video5122,7
video5123,3
video5124,8
video5125,3
video5126,16
video5127,11
video5129,17
video5130,4
video5131,9
video5132,16
video5133,2
video5135,8
video5137,19
video5138,10
video5139,16
video5141,3
video5142,13
video5143,7
video5144,3
video5145,17
video5146,19
video5148,16
video5149,18
video5150,9
video5151,12
video5152,7
video5154,3
video5155,7
video5156,0
video5157,18
video5158,13
video5159,0
video5160,11
video5161,16
video5162,9
video5163,14
video5164,0
video5165,10
video5167,11
video5168,6
video5169,7
video5170,2
video5171,14
video5172,10
video5173,19
video5174,7
video5175,16
video5176,1
video5177,0
video5180,4
video5181,7
video5182,7
video5183,2
video5184,19
video5185,1
video5186,3
video5187,14
video5188,5
video5189,9
video5190,10
video5191,9
video5192,7
video5193,6
video5196,9
video5197,8
video5198,14
video5199,8
video5200,0
video5202,16
video5203,3
video5204,3
video5205,13
video5206,4
video5207,8
video5208,3
video5209,7
video5210,3
video5211,8
video5212,0
video5213,0
video5214,16
video5215,2
video5216,11
video5217,6
video5220,17
video5221,10
video5222,9
video5223,5
video5224,16
video5225,10
video5226,12
video5227,9
video5228,7
video5229,9
video5230,0
video5231,2
video5232,17
video5233,6
video5234,7
video5235,6
video5236,3
video5237,12
video5238,16
video5239,13
video5240,3
video5241,16
video5242,10
video5243,6
video5244,0
video5245,5
video5246,13
video5247,9
video5248,17
video5249,0
video5250,9
video5252,0
video5253,11
video5255,3
video5256,17
video5257,5
video5258,7
video5259,10
video5260,13
video5261,3
video5262,9
video5263,0
video5264,10
video5266,7
video5267,13
video5268,1
video5269,17
video5270,18
video5271,14
video5272,13
video5274,0
video5275,12
video5276,18
video5277,12
video5278,19
video5279,17
video5280,5
video5281,15
video5282,9
video5283,18
video5284,11
video5285,2
video5286,14
video5287,7
video5288,0
video5289,19
video5291,14
video5292,12
video5293,12
video5294,2
video5295,1
video5296,13
video5297,6
video5298,13
video5299,6
video5300,17
video5301,7
video5303,0
video5304,3
video5305,7
video5306,9
video5308,18
video5309,12
video5310,9
video5311,12
video5312,17
video5313,14
video5314,16
video5315,7
video5316,14
video5317,16
video5318,6
video5319,9
video5320,7
video5321,11
video5322,14
video5323,17
video5324,10
video5325,2
video5326,16
video5327,12
video5328,16
video5329,8
video5330,12
video5331,9
video5332,2
video5333,13
video5334,10
video5335,13
video5337,13
video5338,10
video5339,13
video5340,14
video5341,3
video5342,7
video5343,16
video5344,4
video5345,3
video5346,16
video5347,3
video5349,17
video5350,4
video5351,7
video5352,3
video5353,7
video5354,13
video5355,0
video5357,7
video5358,2
video5359,9
video5360,16
video5361,3
video5362,2
video5363,7
video5365,10
video5367,14
video5368,3
video5369,6
video5370,17
video5371,18
video5372,19
video5373,16
video5374,7
video5375,5
video5376,12
video5377,11
video5378,4
video5379,10
video5380,5
video5381,7
video5382,7
video5383,6
video5384,13
video5385,16
video5386,10
video5387,11
video5388,6
video5389,19
video5390,13
video5391,13
video5392,2
video5393,14
video5394,16
video5395,9
video5397,10
video5398,13
video5400,15
video5401,4
video5402,10
video5404,7
video5406,10
video5407,7
video5409,16
video5410,16
video5411,7
video5412,0
video5413,3
video5414,2
video5415,3
video5416,0
video5417,1
video5418,10
video5421,3
video5422,14
video5423,14
video5424,10
video5425,0
video5426,11
video5427,2
video5428,3
video5429,3
video5430,10
video5431,2
video5432,14
video5433,3
video5435,3
video5436,3
video5437,10
video5438,8
video5439,0
video5440,7
video5442,11
video5443,15
video5444,13
video5445,18
video5446,2
video5447,6
video5448,7
video5449,16
video5450,7
video5451,18
video5453,10
video5454,7
video5455,18
video5456,3
video5457,9
video5458,9
video5459,0
video5460,16
video5461,0
video5462,16
video5463,18
video5464,14
video5465,9
video5466,2
video5467,0
video5468,3
video5469,7
video5471,4
video5472,2
video5473,3
video5474,0
video5475,3
video5476,3
video5477,3
video5478,18
video5479,12
video5481,14
video5482,3
video5483,16
video5484,8
video5485,12
video5486,2
video5487,0
video5489,12
video5490,7
video5491,5
video5493,6
video5494,12
video5495,13
video5496,7
video5498,12
video5499,12
video5500,9
video5501,2
video5502,13
video5503,3
video5504,10
video5505,1
video5506,4
video5507,1
video5508,16
video5509,18
video5510,0
video5511,7
video5512,2
video5513,13
video5514,10
video5515,10
video5516,18
video5517,0
video5518,17
video5519,8
video5520,3
video5521,2
video5522,9
video5523,8
video5524,5
video5525,6
video5526,7
video5527,6
video5528,13
video5529,17
video5530,3
video5531,14
video5532,13
video5533,2
video5535,2
video5536,9
video5537,18
video5538,3
video5539,19
video5540,2
video5541,12
video5542,9
video5543,4
video5544,1
video5545,7
video5546,3
video5547,3
video5548,9
video5549,0
video5550,10
video5551,17
video5552,14
video5553,0
video5554,16
video5556,18
video5557,13
video5558,0
video5559,2
video5560,7
video5562,3
video5563,12
video5564,3
video5565,10
video5566,16
video5567,12
video5568,16
video5569,2
video5570,0
video5571,12
video5572,1
video5573,14
video5574,12
video5575,14
video5576,6
video5577,16
video5578,3
video5579,19
video5581,7
video5582,0
video5583,1
video5584,3
video5585,4
video5586,0
video5587,9
video5588,3
video5589,3
video5591,17
video5592,7
video5593,9
video5594,14
video5595,6
video5596,9
video5597,15
video5598,10
video5599,13
video5600,17
video5601,2
video5602,3
video5603,0
video5604,7
video5605,16
video5606,1
video5607,7
video5608,4
video5609,11
video5610,3
video5611,4
video5612,3
video5613,3
video5614,4
video5615,3
video5616,6
video5617,17
video5618,13
video5620,12
video5621,1
video5623,3
video5624,9
video5625,7
video5626,18
video5627,1
video5628,8
video5629,18
video5630,18
video5631,0
video5633,9
video5634,9
video5635,17
video5636,13
video5638,12
video5639,7
video5640,4
video5641,14
video5642,7
video5643,18
video5646,3
video5647,0
video5649,13
video5650,13
video5651,12
video5652,14
video5654,7
video5655,3
video5656,16
video5657,9
video5658,2
video5660,11
video5661,3
video5662,5
video5663,11
video5664,7
video5665,7
video5666,11
video5667,1
video5668,0
video5669,16
video5670,13
video5671,13
video5672,7
video5673,3
video5674,3
video5675,9
video5676,17
video5678,0
video5679,14
video5680,7
video5682,16
video5683,4
video5685,9
video5686,3
video5687,16
video5688,1
video5689,3
video5690,18
video5691,9
video5692,6
video5693,3
video5694,12
video5695,11
video5696,7
video5697,3
video5698,13
video5699,7
video5700,4
video5701,13
video5702,3
video5703,1
video5704,19
video5706,16
video5707,8
video5708,8
video5709,9
video5710,3
video5711,14
video5712,10
video5713,3
video5714,4
video5716,19
video5717,4
video5718,1
video5719,14
video5720,8
video5721,0
video5722,9
video5723,17
video5724,11
video5726,10
video5728,3
video5729,4
video5730,10
video5731,16
video5732,3
video5733,9
video5734,9
video5735,10
video5736,9
video5737,2
video5738,13
video5739,7
video5741,18
video5742,3
video5743,11
video5744,2
video5745,7
video5746,10
video5747,2
video5748,7
video5749,0
video5750,11
video5751,7
video5752,11
video5753,16
video5754,10
video5756,9
video5757,1
video5758,14
video5759,0
video5760,3
video5761,2
video5762,7
video5763,9
video5764,15
video5765,8
video5767,15
video5769,17
video5770,6
video5771,14
video5773,7
video5774,6
video5775,9
video5776,3
video5777,4
video5778,0
video5779,5
video5780,13
video5781,0
video5782,3
video5783,9
video5784,2
video5785,4
video5787,11
video5789,3
video5790,15
video5791,0
video5793,14
video5794,14
video5795,4
video5796,11
video5797,9
video5798,16
video5799,16
video5800,2
video5801,7
video5802,9
video5803,14
video5804,9
video5805,3
video5806,6
video5807,18
video5808,13
video5809,5
video5810,7
video5811,13
video5812,16
video5813,3
video5814,3
video5815,14
video5816,3
video5817,7
video5818,0
video5819,0
video5820,3
video5821,16
video5822,8
video5823,5
video5824,3
video5825,3
video5826,5
video5827,17
video5828,5
video5829,12
video5830,3
video5831,13
video5832,3
video5833,9
video5834,13
video5835,10
video5836,7
video5837,13
video5838,1
video5840,14
video5841,15
video5842,3
video5843,16
video5844,9
video5845,3
video5847,14
video5849,0
video5850,12
video5851,18
video5852,2
video5853,3
video5855,18
video5856,10
video5857,16
video5858,16
video5860,2
video5861,19
video5862,3
video5863,3
video5866,9
video5867,9
video5868,19
video5869,3
video5870,3
video5871,10
video5872,3
video5873,2
video5874,14
video5876,1
video5877,4
video5878,17
video5879,10
video5881,16
video5882,16
video5883,3
video5884,9
video5885,12
video5887,14
video5888,16
video5889,10
video5890,12
video5891,7
video5893,7
video5894,14
video5895,5
video5897,15
video5899,3
video5901,4
video5902,16
video5903,0
video5905,8
video5906,13
video5907,14
video5908,9
video5909,16
video5910,13
video5911,11
video5912,12
video5914,7
video5916,3
video5918,2
video5919,16
video5920,9
video5921,18
video5922,5
video5925,2
video5926,3
video5927,9
video5928,7
video5929,3
video5930,10
video5931,16
video5932,8
video5933,8
video5934,12
video5935,11
video5936,7
video5938,12
video5939,3
video5940,9
video5941,16
video5942,9
video5943,0
video5944,9
video5945,7
video5946,11
video5947,9
video5948,7
video5949,12
video5950,16
video5951,11
video5952,9
video5953,18
video5954,18
video5955,1
video5956,0
video5958,3
video5959,17
video5960,3
video5961,9
video5962,15
video5963,7
video5965,17
video5967,16
video5968,9
video5969,14
video5970,4
video5971,13
video5973,0
video5974,0
video5975,3
video5976,7
video5977,14
video5979,4
video5980,0
video5981,8
video5982,3
video5984,8
video5986,13
video5987,3
video5988,12
video5989,13
video5990,19
video5991,17
video5992,9
video5993,3
video5994,12
video5995,19
video5996,14
video5997,3
video5998,9
video5999,16
video6000,4
video6001,9
video6002,1
video6003,7
video6004,17
video6006,12
video6007,15
video6008,12
video6009,9
video6010,3
video6011,0
video6012,2
video6014,17
video6015,12
video6016,9
video6017,3
video6018,3
video6019,16
video6020,18
video6021,2
video6022,14
video6023,10
video6024,1
video6025,2
video6026,7
video6027,13
video6030,17
video6031,0
video6032,14
video6033,7
video6034,4
video6035,7
video6036,15
video6039,5
video6040,10
video6042,11
video6043,19
video6044,6
video6045,0
video6046,9
video6047,6
video6048,6
video6049,9
video6050,8
video6051,18
video6052,7
video6053,3
video6054,8
video6057,7
video6058,9
video6060,14
video6061,3
video6063,18
video6064,7
video6065,7
video6066,3
video6067,7
video6070,15
video6071,1
video6072,3
video6073,3
video6074,7
video6075,17
video6077,18
video6078,0
video6080,16
video6081,17
video6082,18
video6083,13
video6084,18
video6085,14
video6086,8
video6087,16
video6088,13
video6089,5
video6091,3
video6092,5
video6093,9
video6094,9
video6095,13
video6096,7
video6097,7
video6098,16
video6099,18
video6100,9
video6102,7
video6103,3
video6104,7
video6105,3
video6106,13
video6107,12
video6109,0
video6111,13
video6112,4
video6113,10
video6114,13
video6115,10
video6116,2
video6117,0
video6118,3
video6119,16
video6120,7
video6121,7
video6122,7
video6123,9
video6124,15
video6125,2
video6126,0
video6127,10
video6128,4
video6130,9
video6131,0
video6132,4
video6133,2
video6134,7
video6135,18
video6136,0
video6137,6
video6139,10
video6140,7
video6141,6
video6142,18
video6144,3
video6145,10
video6146,11
video6147,3
video6148,19
video6149,11
video6150,0
video6151,7
video6152,16
video6153,7
video6154,13
video6155,0
video6156,3
video6157,4
video6159,10
video6160,17
video6161,12
video6162,4
video6163,5
video6164,16
video6165,3
video6166,16
video6167,9
video6168,15
video6169,13
video6170,14
video6171,12
video6172,16
video6173,18
video6174,16
video6175,16
video6176,18
video6177,18
video6178,9
video6179,2
video6180,16
video6181,2
video6182,2
video6183,16
video6184,12
video6185,3
video6186,9
video6187,3
video6188,14
video6189,0
video6190,7
video6191,7
video6192,14
video6193,12
video6194,4
video6195,8
video6196,0
video6197,19
video6199,4
video6200,8
video6201,6
video6203,17
video6204,7
video6205,7
video6206,13
video6207,9
video6208,14
video6209,7
video6210,0
video6211,6
video6212,4
video6213,4
video6214,16
video6215,4
video6216,10
video6217,5
video6218,5
video6219,9
video6220,1
video6221,6
video6222,7
video6223,14
video6224,16
video6225,3
video6226,16
video6228,16
video6229,0
video6230,13
video6231,13
video6232,17
video6233,16
video6234,13
video6235,17
video6237,8
video6238,14
video6239,12
video6240,12
video6241,10
video6242,16
video6243,17
video6244,3
video6245,18
video6246,6
video6247,0
video6248,14
video6249,12
video6250,0
video6251,3
video6252,7
video6253,16
video6254,4
video6255,5
video6256,9
video6258,7
video6259,3
video6260,3
video6261,17
video6262,0
video6263,18
video6264,12
video6265,16
video6266,0
video6267,4
video6268,11
video6269,17
video6270,2
video6271,18
video6272,13
video6273,0
video6274,0
video6275,3
video6276,18
video6277,7
video6278,9
video6279,11
video6280,13
video6281,4
video6282,2
video6283,9
video6284,3
video6285,2
video6287,3
video6288,3
video6289,11
video6291,13
video6292,4
video6293,9
video6294,16
video6295,3
video6296,12
video6297,12
video6299,16
video6300,9
video6301,7
video6302,4
video6303,4
video6304,12
video6305,4
video6306,2
video6307,3
video6308,13
video6309,7
video6310,2
video6311,12
video6312,0
video6314,17
video6315,7
video6316,5
video6317,9
video6318,0
video6319,10
video6320,4
video6322,14
video6323,17
video6324,3
video6325,3
video6326,11
video6327,9
video6328,8
video6329,14
video6330,5
video6331,7
video6332,0
video6334,9
video6335,0
video6336,16
video6338,10
video6339,7
video6340,10
video6341,14
video6342,10
video6343,2
video6344,9
video6345,7
video6347,16
video6349,9
video6350,16
video6351,9
video6352,0
video6353,9
video6355,14
video6356,7
video6359,16
video6360,16
video6361,9
video6362,9
video6363,2
video6364,4
video6365,13
video6366,3
video6367,7
video6369,16
video6370,18
video6371,10
video6372,18
video6374,18
video6375,9
video6376,6
video6377,9
video6378,3
video6380,18
video6382,15
video6383,18
video6384,9
video6385,7
video6386,3
video6387,14
video6388,4
video6389,14
video6390,16
video6391,16
video6392,9
video6393,3
video6394,9
video6395,9
video6396,11
video6397,2
video6398,7
video6399,3
video6400,16
video6401,18
video6403,11
video6405,18
video6406,13
video6407,16
video6408,10
video6410,18
video6411,12
video6412,7
video6414,3
video6415,5
video6416,8
video6417,19
video6418,14
video6419,5
video6420,16
video6421,7
video6422,2
video6423,4
video6424,18
video6425,5
video6426,13
video6427,7
video6428,17
video6429,0
video6431,5
video6432,9
video6433,2
video6434,18
video6435,12
video6436,13
video6437,5
video6438,14
video6439,12
video6440,11
video6441,9
video6443,0
video6445,14
video6448,9
video6449,5
video6450,18
video6452,3
video6453,0
video6454,13
video6455,6
video6456,3
video6457,12
video6458,18
video6461,0
video6462,4
video6464,18
video6465,8
video6466,7
video6467,3
video6468,9
video6469,13
video6470,10
video6471,3
video6472,0
video6473,6
video6474,3
video6475,7
video6476,3
video6477,18
video6478,4
video6480,7
video6482,10
video6483,7
video6484,14
video6485,6
video6486,7
video6488,0
video6489,16
video6490,17
video6491,2
video6492,13
video6493,6
video6495,14
video6496,5
video6497,12
video6498,3
video6499,15
video6500,2
video6501,8
video6502,9
video6503,14
video6504,3
video6505,9
video6506,16
video6507,7
video6508,11
video6509,8
video6510,16
video6511,9
video6512,7
